"cellName"	"state"	"cellBarcode"
"c1"	"c1"	"E_minus"	"AACCAATCGTC"
"c2"	"c2"	"E_minus"	"AACCGTCTCTA"
"c3"	"c3"	"E_minus"	"AACCATCTATT"
"c4"	"c4"	"E_minus"	"AACCAGTCAGG"
"c5"	"c5"	"E_minus"	"AACCGTAGATT"
"c6"	"c6"	"E_minus"	"AACCGGCATTA"
"c7"	"c7"	"E_minus"	"AACCAGATTCC"
"c8"	"c8"	"E_minus"	"AACCAGCAACT"
"c9"	"c9"	"E_minus"	"AACCATTGGCT"
"c10"	"c10"	"E_minus"	"AACCGCAACCT"
"c12"	"c12"	"E_minus"	"AACCTCCTGAA"
"c13"	"c13"	"E_minus"	"AACCGAGTCAG"
"c14"	"c14"	"E_minus"	"AACTATTATTG"
"c15"	"c15"	"E_minus"	"AACGTACCTGA"
"c16"	"c16"	"E_minus"	"AACGTATAGGT"
"c17"	"c17"	"E_minus"	"AACGTACGCCA"
"c18"	"c18"	"E_minus"	"AACCTGGTATT"
"c19"	"c19"	"E_minus"	"AACGTCGCTAG"
"c20"	"c20"	"E_minus"	"AACGTTACTCG"
"c21"	"c21"	"E_minus"	"AACTCAATGAG"
"c22"	"c22"	"E_minus"	"AACGTAATCGC"
"c23"	"c23"	"E_minus"	"AACGTAGATCT"
"c24"	"c24"	"E_minus"	"AACTCGAGATC"
"c25"	"c25"	"E_minus"	"AACTAACCTTG"
"c26"	"c26"	"E_minus"	"AACTAATCAGA"
"c27"	"c27"	"E_minus"	"AACTAACGTCA"
"c28"	"c28"	"E_minus"	"AACTCGCGCCG"
"c29"	"c29"	"E_minus"	"AACTCCTGGCC"
"c30"	"c30"	"E_minus"	"AACTAGAGCCT"
"c31"	"c31"	"E_minus"	"AACTACGGTCC"
"c32"	"c32"	"E_minus"	"AACTACCAGCG"
"c33"	"c33"	"E_minus"	"AACTCGTTCCT"
"c34"	"c34"	"E_minus"	"CGCTTCTGCTC"
"c35"	"c35"	"E_minus"	"CGTAGCAGTTA"
"c36"	"c36"	"E_minus"	"CGGCGCGGCGA"
"c37"	"c37"	"E_minus"	"CGGATTGCTGA"
"c38"	"c38"	"E_minus"	"CGTCGTAACTG"
"c39"	"c39"	"E_minus"	"CGTCCTCAGCT"
"c40"	"c40"	"E_minus"	"CGTCGATCGTT"
"c41"	"c41"	"E_minus"	"CGGTATGCGCA"
"c42"	"c42"	"E_minus"	"CGGTATTAACC"
"c43"	"c43"	"E_minus"	"CGTCTTCCATA"
"c44"	"c44"	"E_minus"	"CGTCTATACCG"
"c45"	"c45"	"E_minus"	"CGTTAGATCGG"
"c46"	"c46"	"E_minus"	"CGGCTTGGAGG"
"c47"	"c47"	"E_minus"	"CGTTATCCTTA"
"c48"	"c48"	"E_minus"	"CGGTCTTCTTC"
"c49"	"c49"	"E_minus"	"CGGTTAATGAG"
"c50"	"c50"	"E_minus"	"CGTTCGGCCGC"
"c51"	"c51"	"E_minus"	"CGTTATGAACT"
"c52"	"c52"	"E_minus"	"CTGGTAGGCGG"
"c53"	"c53"	"E_minus"	"CTGGTAATCAG"
"c54"	"c54"	"E_minus"	"CTGGTTCTGAA"
"c55"	"c55"	"E_minus"	"CTGGTCGAACC"
"c56"	"c56"	"E_minus"	"CTTCCAGTTGA"
"c57"	"c57"	"E_minus"	"CTTGGATCGAA"
"c58"	"c58"	"E_minus"	"CTTAGTCGAGG"
"c59"	"c59"	"E_minus"	"CTGGTTAACTG"
"c60"	"c60"	"E_minus"	"CTTACGGTACG"
"c61"	"c61"	"E_minus"	"GAACCGCAGCG"
"c62"	"c62"	"E_minus"	"GAACCGATGGA"
"c63"	"c63"	"E_minus"	"GAACCGTAGTT"
"c64"	"c64"	"E_minus"	"GAACCATACTG"
"c65"	"c65"	"E_minus"	"CTTCCATTGGT"
"c66"	"c66"	"E_minus"	"GAACCGAGCCG"
"c67"	"c67"	"E_minus"	"CTCCGAGGATC"
"c68"	"c68"	"E_minus"	"CTCCTCCGTAG"
"c69"	"c69"	"E_minus"	"CTCCGATCGGT"
"c70"	"c70"	"E_minus"	"CTGCGTACGGT"
"c71"	"c71"	"E_minus"	"CTCCGCGAGAC"
"c72"	"c72"	"E_minus"	"GAAGCCTTCCG"
"c74"	"c74"	"E_minus"	"GAACGGACTCG"
"c75"	"c75"	"E_minus"	"GAACGCCGGAT"
"c76"	"c76"	"E_minus"	"CTGCTTCTTCA"
"c77"	"c77"	"E_minus"	"CTGGATTGACC"
"c78"	"c78"	"E_minus"	"CTGCTGGTTCT"
"c79"	"c79"	"E_minus"	"CTGGAAGCTCT"
"c81"	"c81"	"E_minus"	"GAACTACGTAT"
"c82"	"c82"	"E_minus"	"GAAGCATGACC"
"c83"	"c83"	"E_minus"	"GAACGGCGTAA"
"c84"	"c84"	"E_minus"	"GAACGATGGCC"
"c85"	"c85"	"E_minus"	"GAACGCTAAGG"
"c86"	"c86"	"E_minus"	"GACTGACGCTG"
"c87"	"c87"	"E_minus"	"GAGAAGCGTAG"
"c88"	"c88"	"E_minus"	"GAACTAAGCTC"
"c89"	"c89"	"E_minus"	"GACTCAAGCCT"
"c90"	"c90"	"E_minus"	"GAGGTCAGCGA"
"c91"	"c91"	"E_minus"	"GAGTCGCGGCC"
"c92"	"c92"	"E_minus"	"GAAGAATCCGG"
"c93"	"c93"	"E_minus"	"GAACTTAAGGC"
"c94"	"c94"	"E_minus"	"GCTCTCATAAG"
"c95"	"c95"	"E_minus"	"GATTCATGCCG"
"c96"	"c96"	"E_minus"	"GATTAGATTCT"
"c97"	"c97"	"E_minus"	"GAGTTGCTGAC"
"c98"	"c98"	"E_minus"	"GGAGTATATAC"
"c99"	"c99"	"E_minus"	"GGAGTCGTTAA"
"c100"	"c100"	"E_minus"	"GGACGCGGAAG"
"c101"	"c101"	"E_minus"	"GCTCTTCCTCA"
"c102"	"c102"	"E_minus"	"GCTCGGCTTGA"
"c103"	"c103"	"E_minus"	"GGAGGTTACTA"
