cellName	state	cellBarcode
c44	c44	E_minus	CGTCTATACCG
c217	c217	E_plus	CTCCATAAGGT
c7	c7	E_minus	AACCAGATTCC
c305	c305	i8TFs_minus	AACTGGCAGGT
c225	c225	E_plus	TCTATGAATTG
c118	c118	E_minus	TTATGGTAGCG
c245	c245	E_plus	TGGCTATGCCG
c247	c247	E_plus	TGGCTACGTCC
c55	c55	E_minus	CTGGTCGAACC
c112	c112	E_minus	TGGAAGGTTGG
c85	c85	E_minus	GAACGCTAAGG
c91	c91	E_minus	GAGTCGCGGCC
c146	c146	E_minus	TTGCCGGAACC
c286	c286	E_plus	TTGCAGTCTAC
c333	c333	i8TFs_minus	ATTATATCTCA
c69	c69	E_minus	CTCCGATCGGT
c141	c141	E_minus	TTGAACGCCTG
c38	c38	E_minus	CGTCGTAACTG
c19	c19	E_minus	AACGTCGCTAG
c28	c28	E_minus	AACTCGCGCCG
